{
  "label": "RETROSPECTIVE AND NON-BLIND",
  "mode": "single_shot",
  "eval_season": 2025,
  "rehearsal_caveat": null,
  "observed_label_caveat": "Every metric is computed against Y_obs; spec \u00a711: observed-label evaluation penalizes the correction by construction (D11).",
  "artifact_hashes_asserted": {
    "features_main.parquet": "477d3079fae0a4a76ee5507739c6f790448caa258c11ea78776583f2e4734090",
    "features_b3.parquet": "09f8e94df5c51fa66778e17cc2d9bbba0eceb0aeef2453b411d7662ef324fa09",
    "rpilot_joint_seed42.pt": "93343fbda11d5efd9204b828075359d044f67d825eab89edb3555368cef757b0",
    "rpilot_b4_propensity_lgbm.txt": "c79ff723bed43ef5fe1c4ac8fdadc60274bf96d5183d445660bb449145508c07",
    "rpilot_b4_risk_lgbm.txt": "6c7f5171d68850f96239f7cde90cc39d9bf4d08f87e50b6302189a9240d9e67a",
    "rpilot_b5_lgbm.txt": "a93c9089f22dbc082cb5e1810a214a330a6c99bd8a071c23e0a6a14ba0c5b302",
    "primary_lgbm.txt": "cd95a00e692a3d406c1a3aff1cabd1c3a384be227f7accea0dd97db7bdd38c93"
  },
  "joint": {
    "config_idx": 2009,
    "ustar": 25
  },
  "b1_provenance": {
    "boro_levels": [
      "BK",
      "BX",
      "MISSING",
      "MN",
      "QN",
      "SI"
    ],
    "medians": {
      "building_age": 94.0,
      "unitstotal": 4.0
    },
    "n_iter": 22,
    "converged": true,
    "n_features_matrix": 11
  },
  "metrics": {
    "B0": {
      "p@100": 0.85,
      "p@250": 0.736,
      "p@500": 0.712,
      "p@1000": 0.653,
      "p@2500": 0.5472,
      "pr_auc": 0.21547816565503863,
      "roc_auc": 0.662842519519452,
      "n": 181863,
      "pos": 8897,
      "prevalence": 0.04892144086482682,
      "zero311": {
        "p@100": 0.07,
        "p@250": 0.028,
        "p@500": 0.018,
        "p@1000": 0.011,
        "p@2500": 0.0092,
        "pr_auc": 0.010636281033824673,
        "roc_auc": 0.5027066441886545,
        "n": 120631,
        "pos": 874,
        "prevalence": 0.00724523547015278
      },
      "any311": {
        "p@100": 0.85,
        "p@250": 0.736,
        "p@500": 0.712,
        "p@1000": 0.653,
        "p@2500": 0.5468,
        "pr_auc": 0.283854096493674,
        "roc_auc": 0.6549168108835514,
        "n": 61232,
        "pos": 8023,
        "prevalence": 0.13102626077867782
      }
    },
    "B1": {
      "p@100": 0.61,
      "p@250": 0.632,
      "p@500": 0.612,
      "p@1000": 0.597,
      "p@2500": 0.4904,
      "pr_auc": 0.27844266435429726,
      "roc_auc": 0.7851242248363022,
      "n": 181863,
      "pos": 8897,
      "prevalence": 0.04892144086482682,
      "zero311": {
        "p@100": 0.08,
        "p@250": 0.052,
        "p@500": 0.058,
        "p@1000": 0.035,
        "p@2500": 0.0268,
        "pr_auc": 0.014528830562998443,
        "roc_auc": 0.5984381912656119,
        "n": 120631,
        "pos": 874,
        "prevalence": 0.00724523547015278
      },
      "any311": {
        "p@100": 0.61,
        "p@250": 0.632,
        "p@500": 0.614,
        "p@1000": 0.598,
        "p@2500": 0.4908,
        "pr_auc": 0.339288430165407,
        "roc_auc": 0.7242531817605788,
        "n": 61232,
        "pos": 8023,
        "prevalence": 0.13102626077867782
      }
    },
    "B2": {
      "p@100": 0.88,
      "p@250": 0.8,
      "p@500": 0.72,
      "p@1000": 0.68,
      "p@2500": 0.5592,
      "pr_auc": 0.2733890683752994,
      "roc_auc": 0.7397697469426343,
      "n": 181863,
      "pos": 8897,
      "prevalence": 0.04892144086482682,
      "zero311": {
        "p@100": 0.09,
        "p@250": 0.048,
        "p@500": 0.026,
        "p@1000": 0.016,
        "p@2500": 0.0112,
        "pr_auc": 0.010808312087382456,
        "roc_auc": 0.5052890044750995,
        "n": 120631,
        "pos": 874,
        "prevalence": 0.00724523547015278
      },
      "any311": {
        "p@100": 0.88,
        "p@250": 0.8,
        "p@500": 0.72,
        "p@1000": 0.68,
        "p@2500": 0.5588,
        "pr_auc": 0.33146090461113276,
        "roc_auc": 0.7113528664852873,
        "n": 61232,
        "pos": 8023,
        "prevalence": 0.13102626077867782
      }
    },
    "B3": {
      "p@100": 0.9,
      "p@250": 0.848,
      "p@500": 0.802,
      "p@1000": 0.737,
      "p@2500": 0.6424,
      "pr_auc": 0.4338762211665401,
      "roc_auc": 0.9082148227969722,
      "n": 181863,
      "pos": 8897,
      "prevalence": 0.04892144086482682,
      "zero311": {
        "p@100": 0.2,
        "p@250": 0.124,
        "p@500": 0.102,
        "p@1000": 0.083,
        "p@2500": 0.0604,
        "pr_auc": 0.046402402617573474,
        "roc_auc": 0.7818705542720958,
        "n": 120631,
        "pos": 874,
        "prevalence": 0.00724523547015278
      },
      "any311": {
        "p@100": 0.9,
        "p@250": 0.848,
        "p@500": 0.802,
        "p@1000": 0.737,
        "p@2500": 0.6424,
        "pr_auc": 0.46842529792460574,
        "roc_auc": 0.8259123671833112,
        "n": 61232,
        "pos": 8023,
        "prevalence": 0.13102626077867782
      }
    },
    "B4": {
      "p@100": 0.91,
      "p@250": 0.856,
      "p@500": 0.806,
      "p@1000": 0.758,
      "p@2500": 0.6652,
      "pr_auc": 0.45326883531514206,
      "roc_auc": 0.9144036642081832,
      "n": 181863,
      "pos": 8897,
      "prevalence": 0.04892144086482682,
      "zero311": {
        "p@100": 0.18,
        "p@250": 0.16,
        "p@500": 0.122,
        "p@1000": 0.089,
        "p@2500": 0.0632,
        "pr_auc": 0.0481024164974704,
        "roc_auc": 0.78791061720732,
        "n": 120631,
        "pos": 874,
        "prevalence": 0.00724523547015278
      },
      "any311": {
        "p@100": 0.91,
        "p@250": 0.856,
        "p@500": 0.806,
        "p@1000": 0.758,
        "p@2500": 0.6652,
        "pr_auc": 0.48917041494401936,
        "roc_auc": 0.840460064532796,
        "n": 61232,
        "pos": 8023,
        "prevalence": 0.13102626077867782
      }
    },
    "B5": {
      "p@100": 0.91,
      "p@250": 0.864,
      "p@500": 0.806,
      "p@1000": 0.757,
      "p@2500": 0.664,
      "pr_auc": 0.45279688168760474,
      "roc_auc": 0.9141928532185057,
      "n": 181863,
      "pos": 8897,
      "prevalence": 0.04892144086482682,
      "zero311": {
        "p@100": 0.17,
        "p@250": 0.152,
        "p@500": 0.112,
        "p@1000": 0.083,
        "p@2500": 0.0648,
        "pr_auc": 0.045362245120362986,
        "roc_auc": 0.787725703282939,
        "n": 120631,
        "pos": 874,
        "prevalence": 0.00724523547015278
      },
      "any311": {
        "p@100": 0.91,
        "p@250": 0.864,
        "p@500": 0.806,
        "p@1000": 0.757,
        "p@2500": 0.664,
        "pr_auc": 0.4888284346788529,
        "roc_auc": 0.8402872179065465,
        "n": 61232,
        "pos": 8023,
        "prevalence": 0.13102626077867782
      }
    },
    "joint_F": {
      "p@100": 0.88,
      "p@250": 0.828,
      "p@500": 0.8,
      "p@1000": 0.749,
      "p@2500": 0.65,
      "pr_auc": 0.4406492022522503,
      "roc_auc": 0.9062781997977382,
      "n": 181863,
      "pos": 8897,
      "prevalence": 0.04892144086482682,
      "zero311": {
        "p@100": 0.14,
        "p@250": 0.116,
        "p@500": 0.084,
        "p@1000": 0.07,
        "p@2500": 0.0516,
        "pr_auc": 0.03274490123893779,
        "roc_auc": 0.7362062113613783,
        "n": 120631,
        "pos": 874,
        "prevalence": 0.00724523547015278
      },
      "any311": {
        "p@100": 0.88,
        "p@250": 0.828,
        "p@500": 0.8,
        "p@1000": 0.749,
        "p@2500": 0.65,
        "pr_auc": 0.4770410668434334,
        "roc_auc": 0.8336774598491196,
        "n": 61232,
        "pos": 8023,
        "prevalence": 0.13102626077867782
      }
    },
    "joint_q": {
      "p@100": 0.88,
      "p@250": 0.828,
      "p@500": 0.8,
      "p@1000": 0.749,
      "p@2500": 0.65,
      "pr_auc": 0.4408120638327923,
      "roc_auc": 0.9069347295359125,
      "n": 181863,
      "pos": 8897,
      "prevalence": 0.04892144086482682,
      "zero311": {
        "p@100": 0.15,
        "p@250": 0.116,